region_pair,correlation,p_value
sync_1_2,0.12367902888622433,1.410828018211856e-07
sync_1_3,-0.01407914078932627,0.5505461067017089
sync_1_4,-0.00012667757952866806,0.9957147892091273
sync_1_5,-0.05970419009595379,0.011291850904622489
sync_1_6,0.0016351111624706973,0.9447319234556936
sync_1_7,-0.008612688847544764,0.7149931852686231
sync_1_8,0.06843190671149257,0.0036759524693597886
sync_1_9,-0.024149697926144457,0.3058246466133682
sync_1_10,0.05525009391803142,0.01906665095873654
sync_1_11,0.12073391409816078,2.783418366605551e-07
sync_1_12,0.07743754243596734,0.0010088300067408991
sync_1_13,-0.07640050688981462,0.001179095699428217
sync_1_14,-0.00173210525546387,0.9414591643437189
sync_1_15,-0.0675025177630785,0.004167878163303975
sync_1_16,0.1656596863885096,1.5229709361525356e-12
sync_2_3,0.08324251230963067,0.0004072130606098406
sync_2_4,0.09246752329241102,8.538537962266732e-05
sync_2_5,0.03773212372081874,0.10953288098826566
sync_2_6,0.09146474966437705,0.00010192098934099121
sync_2_7,0.08715443568038725,0.0002137994402097066
sync_2_8,0.16680256733495866,1.0647550268271537e-12
sync_2_9,0.06517821358441468,0.005669666427267663
sync_2_10,0.15589140783357622,2.930686238368228e-11
sync_2_11,0.20723408111062924,6.526498650676911e-19
sync_2_12,0.1657262174375864,1.4916697476726133e-12
sync_2_13,0.013518899733407804,0.5665186945760647
sync_2_14,0.10391156155795359,9.985155829711175e-06
sync_2_15,0.03593829856380074,0.12746723820530312
sync_2_16,0.24949672455698826,6.035498428876861e-27
sync_3_4,-0.04241444193058874,0.0720104708433604
sync_3_5,-0.10638807919507118,6.086244675012457e-06
sync_3_6,-0.04404321061230801,0.06173368805424362
sync_3_7,-0.04846495405832739,0.03978505424522612
sync_3_8,0.017962754918473205,0.44628254078309165
sync_3_9,-0.07080324407657829,0.002650460323135708
sync_3_10,0.008434485248647561,0.7206406720391505
sync_3_11,0.0664889368632445,0.004771770677264037
sync_3_12,0.039251773222754874,0.09595337805514621
sync_3_13,-0.10984305554234208,2.99519061443796e-06
sync_3_14,-0.045105950574540886,0.0557060943173759
sync_3_15,-0.11942166660880056,3.748483445169255e-07
sync_3_16,0.11692613571061183,6.545648790574866e-07
sync_4_5,-0.10127199379866404,1.672174078275466e-05
sync_4_6,-0.03265286558704958,0.16612872575757937
sync_4_7,-0.03697784038428083,0.11681500257863006
sync_4_8,0.034046263298198376,0.14877392114854238
sync_4_9,-0.04792789176759036,0.042035944673637145
sync_4_10,0.020054355988051522,0.39514234761167794
sync_4_11,0.07461142972866272,0.0015364372053617368
sync_4_12,0.049650928593038816,0.03517428052885476
sync_4_13,-0.0965883542909986,4.04927183490381e-05
sync_4_14,-0.036701874613827075,0.11957227920750643
sync_4_15,-0.09406389284242048,6.418141144478758e-05
sync_4_16,0.12338015217533163,1.512639822870601e-07
sync_5_6,-0.0938883965392823,6.624203524612937e-05
sync_5_7,-0.09230981779389164,8.78062140979257e-05
sync_5_8,-0.0300434678604103,0.20264976388788317
sync_5_9,-0.11777041011734657,5.427471618402485e-07
sync_5_10,-0.03720913599987598,0.11454268833093376
sync_5_11,0.02737485626370635,0.24571204643461017
sync_5_12,-0.0055526422403167006,0.8138852285302629
sync_5_13,-0.1723371558350552,1.8156669659211697e-13
sync_5_14,-0.1058964702383408,6.720610282399261e-06
sync_5_15,-0.17363291562065944,1.189781699888167e-13
sync_5_16,0.08602203603783123,0.0002583422346934801
sync_6_7,-0.030277619487134144,0.19915153812548866
sync_6_8,0.033384057546173025,0.15684100408918986
sync_6_9,-0.04764763236050071,0.04325269342650569
sync_6_10,0.022059330070919474,0.3496018828713364
sync_6_11,0.07648026240885283,0.0011651142347681419
sync_6_12,0.04966449435678365,0.03512429509618605
sync_6_13,-0.11063015822421479,2.5408054132441174e-06
sync_6_14,-0.026605236919637065,0.25924383071304075
sync_6_15,-0.08255326287862244,0.000454910848605372
sync_6_16,0.13387429984405644,1.1872833516632623e-08
sync_7_8,0.02813168358477334,0.23289552147557757
sync_7_9,-0.05811882751669008,0.01365761028878869
sync_7_10,0.01844732200276373,0.43411087679131527
sync_7_11,0.07631163282208789,0.001194858060717126
sync_7_12,0.045767776855936776,0.052206046890830915
sync_7_13,-0.10247107920547605,1.3250307893249467e-05
sync_7_14,-0.03705662631793575,0.11603704766571922
sync_7_15,-0.0939276834829754,6.577537655994752e-05
sync_7_16,0.12982889585736038,3.243505176163966e-08
sync_8_9,0.008953607725999757,0.7042326124975612
sync_8_10,0.0839346651459457,0.00036404435159379086
sync_8_11,0.15737229365851788,1.893878595372899e-11
sync_8_12,0.1263237105221965,7.561445209035727e-08
sync_8_13,-0.03951557487022883,0.09373940061039288
sync_8_14,0.0353697066044659,0.13360495428691674
sync_8_15,-0.027432985631923944,0.2447104734564899
sync_8_16,0.20797267271389025,4.875814959876953e-19
sync_9_10,-0.006905697116844128,0.769687350225535
sync_9_11,0.05475881246785623,0.020160408386456455
sync_9_12,0.025980877669606155,0.27059406037403766
sync_9_13,-0.11061836605517311,2.5470969156015294e-06
sync_9_14,-0.046702636397468855,0.047576737009956384
sync_9_15,-0.10136708984541908,1.6417523385613816e-05
sync_9_16,0.10638205048100846,6.093665234532361e-06
sync_10_11,0.13256211069741344,1.650307673260809e-08
sync_10_12,0.10628574648824674,6.213382143839483e-06
sync_10_13,-0.0563755361223326,0.01675445103130427
sync_10_14,0.023754773995862673,0.31380421143493314
sync_10_15,-0.0432899927753759,0.06632456590570913
sync_10_16,0.19745942028365276,2.789643771947678e-17
sync_11_12,0.15074846466724157,1.2926056877070193e-10
sync_11_13,0.007360879133029914,0.7549774919121857
sync_11_14,0.08596601949091309,0.0002607569312024406
sync_11_15,0.026318301871824355,0.2644184427823084
sync_11_16,0.245929592259779,3.3262677136872856e-26
sync_12_13,-0.02648349767874054,0.2614306633473699
sync_12_14,0.052903662416720926,0.02479864424788548
sync_12_15,-0.009464067289578458,0.6882313395135394
sync_12_16,0.2275262111571118,1.4431127815506737e-22
sync_13_14,-0.11264252049502027,1.6599165384455178e-06
sync_13_15,-0.16743204848774254,8.733109270077946e-13
sync_13_16,0.06313937713609619,0.007371241017037388
sync_14_15,-0.0924929536536366,8.500096443131937e-05
sync_14_16,0.13771331077292803,4.448383941393459e-09
sync_15_16,0.08439924891928086,0.00033750899548044865
