pair,correlation,p_value,significant
sync_2_16,0.24949672455698824,6.035498428876861e-27,True
sync_11_16,0.24592959225977895,3.3262677136877953e-26,True
sync_12_16,0.22752621115711175,1.4431127815508179e-22,True
sync_8_16,0.20797267271389022,4.87581495987678e-19,True
sync_2_11,0.20723408111062924,6.52649865067619e-19,True
sync_10_16,0.1974594202836527,2.789643771948051e-17,True
sync_2_8,0.16680256733495868,1.06475502682718e-12,True
sync_2_12,0.16572621743758637,1.4916697476726176e-12,True
sync_1_16,0.1656596863885096,1.5229709361525945e-12,True
sync_8_11,0.15737229365851788,1.8938785953727596e-11,True
sync_2_10,0.15589140783357625,2.930686238368015e-11,True
sync_11_12,0.15074846466724157,1.2926056877071108e-10,True
sync_14_16,0.137713310772928,4.448383941393417e-09,True
sync_6_16,0.13387429984405647,1.1872833516632718e-08,True
sync_10_11,0.13256211069741342,1.650307673260711e-08,True
sync_7_16,0.1298288958573604,3.2435051761639174e-08,True
sync_8_12,0.1263237105221965,7.56144520903572e-08,True
sync_1_2,0.12367902888622434,1.410828018211872e-07,True
sync_4_16,0.12338015217533166,1.5126398228706056e-07,True
sync_1_11,0.12073391409816078,2.783418366605656e-07,True
sync_3_16,0.11692613571061185,6.545648790574799e-07,True
sync_9_16,0.10638205048100849,6.093665234532371e-06,True
sync_10_12,0.10628574648824671,6.213382143839544e-06,True
sync_2_14,0.1039115615579536,9.985155829711387e-06,True
sync_2_4,0.09246752329241101,8.538537962266693e-05,True
sync_2_6,0.09146474966437705,0.00010192098934099178,True
sync_2_7,0.08715443568038723,0.00021379944020971002,True
sync_5_16,0.08602203603783125,0.0002583422346934781,True
sync_11_14,0.08596601949091309,0.00026075693120244437,True
sync_15_16,0.08439924891928088,0.00033750899548044627,True
sync_8_10,0.08393466514594569,0.00036404435159378474,True
sync_2_3,0.08324251230963066,0.0004072130606098453,True
sync_1_12,0.07743754243596736,0.0010088300067408761,True
sync_6_11,0.07648026240885286,0.0011651142347681102,True
sync_7_11,0.07631163282208787,0.0011948580607171265,True
sync_4_11,0.07461142972866275,0.0015364372053616974,True
sync_1_8,0.06843190671149257,0.003675952469359886,True
sync_3_11,0.06648893686324449,0.004771770677264007,True
sync_2_9,0.06517821358441472,0.005669666427267638,True
sync_13_16,0.06313937713609617,0.007371241017037311,True
sync_1_10,0.05525009391803144,0.019066650958736286,True
sync_9_11,0.054758812467856244,0.020160408386456566,True
sync_12_14,0.05290366241672089,0.024798644247885197,True
sync_6_12,0.04966449435678364,0.03512429509618568,True
sync_4_12,0.049650928593038796,0.035174280528855004,True
sync_7_12,0.04576777685593674,0.052206046890831394,False
sync_3_12,0.03925177322275487,0.09595337805514575,False
sync_2_5,0.03773212372081874,0.109532880988266,False
sync_2_15,0.035938298563800763,0.12746723820530254,False
sync_8_14,0.03536970660446591,0.13360495428691746,False
sync_4_8,0.03404626329819836,0.14877392114854265,False
sync_6_8,0.03338405754617302,0.1568410040891897,False
sync_7_8,0.02813168358477333,0.23289552147557616,False
sync_5_11,0.02737485626370636,0.24571204643460945,False
sync_11_15,0.026318301871824334,0.2644184427823069,False
sync_9_12,0.025980877669606148,0.27059406037403755,False
sync_10_14,0.023754773995862677,0.3138042114349302,False
sync_6_10,0.022059330070919494,0.34960188287133676,False
sync_4_10,0.020054355988051525,0.3951423476116757,False
sync_7_10,0.01844732200276374,0.4341108767913136,False
sync_3_8,0.017962754918473205,0.44628254078309154,False
sync_2_13,0.0135188997334078,0.5665186945760653,False
sync_8_9,0.00895360772599977,0.7042326124975621,False
sync_3_10,0.008434485248647539,0.7206406720391523,False
sync_11_13,0.007360879133029904,0.7549774919121846,False
sync_1_6,0.0016351111624706774,0.9447319234556927,False
sync_1_4,-0.0001266775795286737,0.9957147892091298,False
sync_1_14,-0.0017321052554638647,0.9414591643437173,False
sync_5_12,-0.0055526422403167006,0.8138852285302645,False
sync_9_10,-0.00690569711684412,0.7696873502255358,False
sync_1_7,-0.00861268884754475,0.7149931852686254,False
sync_12_15,-0.009464067289578437,0.6882313395135399,False
sync_1_3,-0.014079140789326247,0.5505461067017142,False
sync_1_9,-0.024149697926144464,0.30582464661336695,False
sync_12_13,-0.026483497678740524,0.26143066334737064,False
sync_6_14,-0.026605236919637038,0.2592438307130432,False
sync_8_15,-0.027432985631923944,0.24471047345649008,False
sync_5_8,-0.030043467860410296,0.20264976388788203,False
sync_6_7,-0.03027761948713413,0.19915153812548908,False
sync_4_6,-0.0326528655870496,0.1661287257575798,False
sync_4_14,-0.03670187461382707,0.11957227920750686,False
sync_4_7,-0.036977840384280806,0.11681500257863031,False
sync_7_14,-0.037056626317935736,0.11603704766571954,False
sync_5_10,-0.03720913599987597,0.11454268833093369,False
sync_8_13,-0.03951557487022887,0.09373940061039326,False
sync_3_4,-0.042414441930588714,0.07201047084336101,False
sync_10_15,-0.04328999277537591,0.06632456590570898,False
sync_3_6,-0.044043210612308016,0.06173368805424324,False
sync_3_14,-0.04510595057454088,0.05570609431737611,False
sync_9_14,-0.04670263639746887,0.04757673700995581,True
sync_6_9,-0.04764763236050065,0.04325269342650638,True
sync_4_9,-0.04792789176759032,0.042035944673637665,True
sync_3_7,-0.04846495405832744,0.039785054245225694,True
sync_10_13,-0.056375536122332634,0.016754451031304265,True
sync_7_9,-0.05811882751669007,0.013657610288788636,True
sync_1_5,-0.05970419009595379,0.011291850904622496,True
sync_1_15,-0.06750251776307847,0.004167878163304063,True
sync_3_9,-0.07080324407657829,0.0026504603231356986,True
sync_1_13,-0.07640050688981462,0.001179095699428209,True
sync_6_15,-0.08255326287862243,0.00045491084860537433,True
sync_5_7,-0.09230981779389166,8.780621409792574e-05,True
sync_14_15,-0.09249295365363663,8.500096443132127e-05,True
sync_5_6,-0.09388839653928224,6.624203524612895e-05,True
sync_7_15,-0.09392768348297538,6.577537655994834e-05,True
sync_4_15,-0.09406389284242045,6.41814114447856e-05,True
sync_4_13,-0.09658835429099864,4.0492718349037993e-05,True
sync_4_5,-0.10127199379866403,1.672174078275519e-05,True
sync_9_15,-0.10136708984541908,1.6417523385613534e-05,True
sync_7_13,-0.10247107920547607,1.3250307893248794e-05,True
sync_5_14,-0.1058964702383408,6.720610282399377e-06,True
sync_3_5,-0.10638807919507123,6.0862446750122555e-06,True
sync_3_13,-0.10984305554234208,2.995190614437915e-06,True
sync_9_13,-0.11061836605517314,2.547096915601564e-06,True
sync_6_13,-0.11063015822421482,2.5408054132440975e-06,True
sync_13_14,-0.11264252049502028,1.6599165384454958e-06,True
sync_5_9,-0.11777041011734656,5.427471618402242e-07,True
sync_3_15,-0.11942166660880058,3.7484834451691406e-07,True
sync_13_15,-0.1674320484877425,8.733109270077006e-13,True
sync_5_13,-0.1723371558350552,1.8156669659212396e-13,True
sync_5_15,-0.17363291562065944,1.1897816998881481e-13,True
